timestamp_ms,emotion,confidence,vectors_used,_neutral,browDownLeft,browDownRight,browInnerUp,browOuterUpLeft,browOuterUpRight,cheekPuff,cheekSquintLeft,cheekSquintRight,eyeBlinkLeft,eyeBlinkRight,eyeLookDownLeft,eyeLookDownRight,eyeLookInLeft,eyeLookInRight,eyeLookOutLeft,eyeLookOutRight,eyeLookUpLeft,eyeLookUpRight,eyeSquintLeft,eyeSquintRight,eyeWideLeft,eyeWideRight,jawForward,jawLeft,jawOpen,jawRight,mouthClose,mouthDimpleLeft,mouthDimpleRight,mouthFrownLeft,mouthFrownRight,mouthFunnel,mouthLeft,mouthLowerDownLeft,mouthLowerDownRight,mouthPressLeft,mouthPressRight,mouthPucker,mouthRight,mouthRollLower,mouthRollUpper,mouthShrugLower,mouthShrugUpper,mouthSmileLeft,mouthSmileRight,mouthStretchLeft,mouthStretchRight,mouthUpperUpLeft,mouthUpperUpRight,noseSneerLeft,noseSneerRight
0,surprised,0.85,8,0.0,0.06446,0.06104,0.01363,0.18503,0.08845,1e-05,0.0,0.0,0.07324,0.05237,0.25917,0.25299,0.0021,0.57218,0.5456,0.00391,0.03608,0.03248,0.23695,0.20192,0.01723,0.01426,6e-05,0.00017,0.00048,6e-05,0.00017,0.00303,0.00095,0.00506,0.0074,0.00242,0.00029,0.00013,0.00021,0.01646,0.0075,0.24701,0.00679,0.00209,0.00012,0.03311,0.05966,0.00252,0.00336,0.0039,0.04758,0.00145,0.0016,1e-05,0.0
500,surprised,0.8,7,0.0,0.03113,0.03874,0.01335,0.28419,0.11026,1e-05,0.0,0.0,0.04814,0.03898,0.28431,0.281,0.00587,0.38081,0.382,0.01323,0.03257,0.02364,0.202,0.14039,0.02459,0.01525,3e-05,0.00022,0.00046,4e-05,0.00019,0.00213,0.00094,0.0035,0.00537,0.00157,0.0005,6e-05,6e-05,0.01332,0.01071,0.12885,0.00519,0.00187,0.00019,0.08085,0.07425,0.00181,0.00227,0.00287,0.02094,0.00359,0.00486,0.0,0.0
1000,surprised,0.75,8,0.0,0.03718,0.04234,0.0185,0.19392,0.10304,0.0,0.0,0.0,0.0417,0.04064,0.34267,0.33982,0.01913,0.14166,0.16796,0.03638,0.02786,0.02006,0.14709,0.13763,0.02891,0.01519,3e-05,0.00038,0.00019,1e-05,7e-05,0.00068,0.00074,0.00629,0.00845,0.00243,0.0013,8e-05,5e-05,0.00413,0.00869,0.1953,0.00095,0.00071,8e-05,0.06447,0.09295,0.00136,0.00175,0.00389,0.01147,0.00768,0.01055,0.0,0.0
1500,fearful,0.6,7,0.0,0.05989,0.07148,0.00642,0.12547,0.05299,1e-05,0.0,0.0,0.06222,0.07222,0.20612,0.22311,0.01043,0.18364,0.2113,0.02582,0.04617,0.03507,0.32214,0.25982,0.0152,0.00578,1e-05,0.00034,0.00095,2e-05,0.00046,0.00178,0.00131,0.00168,0.00224,0.00126,0.00123,3e-05,2e-05,0.01143,0.01397,0.09877,0.0014,0.00302,0.00041,0.19569,0.08065,0.00095,0.00096,0.00233,0.00419,0.00174,0.00275,0.0,0.0
2000,fearful,0.55,8,0.0,0.06048,0.05111,0.00667,0.12859,0.07598,0.0,0.0,0.0,0.05041,0.04774,0.25061,0.2616,0.01308,0.15925,0.18545,0.02885,0.03432,0.02428,0.26302,0.16177,0.01818,0.00762,1e-05,0.00035,0.00072,2e-05,0.00038,0.00155,0.00144,0.00134,0.00176,0.00145,0.00196,3e-05,2e-05,0.00949,0.01424,0.12971,0.00098,0.00204,0.00027,0.18115,0.08449,0.001,0.00109,0.00207,0.00373,0.00208,0.00322,0.0,0.0
2500,fearful,0.5,7,0.0,0.06979,0.06348,0.00771,0.10718,0.06842,0.0,0.0,0.0,0.04215,0.05123,0.24459,0.26484,0.01762,0.12273,0.15779,0.03756,0.03454,0.02626,0.2267,0.20519,0.0202,0.00866,1e-05,0.00035,0.00063,2e-05,0.00029,0.00131,0.00138,0.00143,0.00172,0.00144,0.00119,4e-05,2e-05,0.0086,0.01188,0.13393,0.00159,0.00193,0.00028,0.12598,0.06726,0.00084,0.00087,0.0023,0.00296,0.00183,0.00285,0.0,0.0
3000,surprised,0.85,8,0.0,0.05487,0.07069,0.01356,0.17367,0.085,1e-05,0.0,0.0,0.05349,0.06374,0.19828,0.22746,0.01976,0.08102,0.15783,0.05759,0.05083,0.03831,0.25207,0.21729,0.02153,0.00906,3e-05,0.00035,0.00051,2e-05,0.00018,0.0016,0.00098,0.00199,0.00248,0.00203,0.00072,0.00014,0.00015,0.00975,0.00904,0.15079,0.00235,0.00147,0.00024,0.06288,0.05495,0.00105,0.00093,0.003,0.00389,0.00198,0.00257,0.0,0.0
3500,surprised,0.85,7,0.0,0.10725,0.12609,0.00457,0.06622,0.03874,0.0,0.0,0.0,0.07253,0.07561,0.2408,0.26506,0.01878,0.09706,0.16759,0.05113,0.03837,0.02807,0.28289,0.22775,0.0145,0.00649,2e-05,0.00029,0.00054,2e-05,0.00027,0.00145,0.00109,0.0016,0.00215,0.00191,0.00071,4e-05,3e-05,0.00807,0.01001,0.14798,0.00265,0.00136,0.00024,0.08662,0.05935,0.00117,0.00127,0.00236,0.00507,0.00202,0.00299,0.0,0.0
4000,happy,0.95,8,0.0,0.08065,0.12269,0.00884,0.08,0.03687,1e-05,0.0,0.0,0.08049,0.08017,0.27445,0.28706,0.0183,0.11269,0.16769,0.0473,0.0329,0.02488,0.27655,0.23506,0.0132,0.00676,3e-05,0.00022,0.00034,1e-05,0.00017,0.00548,0.00285,0.00066,0.0009,0.00182,0.00196,4e-05,3e-05,0.022,0.0163,0.12787,0.00172,0.00089,0.00041,0.08048,0.04233,0.32312,0.30211,0.0035,0.00616,0.00764,0.01114,0.0,0.0
4500,happy,0.95,7,0.0,0.05618,0.10659,0.01551,0.10323,0.03994,3e-05,0.0,0.0,0.16309,0.15173,0.35875,0.37762,0.02866,0.08634,0.14753,0.08084,0.02913,0.01922,0.45343,0.3058,0.00732,0.00357,4e-05,9e-05,0.00029,1e-05,0.00011,0.00446,0.00673,0.00026,0.00029,0.00063,0.00152,5e-05,4e-05,0.02974,0.03784,0.02055,0.0017,0.00099,0.00141,0.1209,0.02805,0.84069,0.866,0.00835,0.02111,0.04967,0.07918,0.0,0.0
5000,happy,0.95,8,0.0,0.0671,0.13934,0.01084,0.09769,0.03213,2e-05,0.0,0.0,0.12688,0.13588,0.30743,0.32427,0.01644,0.12433,0.18765,0.05104,0.03223,0.0225,0.375,0.2868,0.00919,0.00393,3e-05,8e-05,0.00021,1e-05,8e-05,0.00401,0.0074,0.00017,0.00018,0.00071,0.00164,3e-05,3e-05,0.02379,0.03307,0.03487,0.00193,0.0007,0.0009,0.15508,0.03388,0.81753,0.84873,0.0059,0.01069,0.04974,0.08657,0.0,0.0
5500,happy,0.95,7,0.0,0.08135,0.16071,0.00922,0.08904,0.02751,2e-05,0.0,0.0,0.11769,0.13059,0.29549,0.30492,0.01138,0.1574,0.22028,0.03992,0.03142,0.02318,0.34106,0.30422,0.00951,0.00398,2e-05,8e-05,0.00023,1e-05,0.0001,0.00336,0.0057,0.00018,0.00019,0.00082,0.00197,3e-05,2e-05,0.01944,0.02688,0.04896,0.00151,0.00072,0.00075,0.15797,0.03517,0.77492,0.81556,0.00453,0.00808,0.03082,0.0601,0.0,0.0
6000,happy,0.9,8,0.0,0.06895,0.11983,0.02029,0.17062,0.04468,2e-05,0.0,0.0,0.09244,0.12787,0.2239,0.25647,0.01424,0.12832,0.19728,0.04695,0.04983,0.03286,0.33876,0.30639,0.01368,0.00445,4e-05,7e-05,0.0002,1e-05,8e-05,0.0018,0.00335,0.00837,0.01092,0.0011,0.00092,8e-05,7e-05,0.01365,0.01806,0.06025,0.00233,0.00061,0.00042,0.15029,0.05894,0.61757,0.66794,0.00954,0.02346,0.0237,0.05066,0.0,0.0
6500,sad,0.8,7,0.0,0.08337,0.11043,0.00548,0.12071,0.04286,1e-05,0.0,0.0,0.06279,0.09612,0.20314,0.23665,0.01128,0.13379,0.23944,0.04658,0.04898,0.03596,0.22084,0.22239,0.0152,0.00795,1e-05,0.00036,0.00044,1e-05,0.0002,0.00052,0.00107,0.13701,0.18049,0.00056,0.0009,2e-05,1e-05,0.00366,0.00946,0.04974,0.00131,0.0015,0.00015,0.7519,0.40573,0.00228,0.00343,0.01147,0.02728,0.05744,0.11163,0.0,0.0
7000,sad,0.85,8,0.0,0.05927,0.0666,0.00818,0.17061,0.07514,1e-05,0.0,0.0,0.05652,0.0444,0.25629,0.26868,0.01612,0.1508,0.19379,0.04083,0.0396,0.03703,0.16507,0.19112,0.01743,0.02197,1e-05,0.00074,0.00059,0.0,0.00036,0.00044,0.00078,0.23119,0.30144,0.00104,0.00187,3e-05,1e-05,0.00189,0.00511,0.1337,0.00076,0.00199,0.00015,0.70818,0.37794,0.00086,0.0011,0.00665,0.01859,0.11051,0.17328,0.0,0.0
7500,sad,0.8,7,0.0,0.05083,0.05957,0.01029,0.18594,0.07277,1e-05,0.0,0.0,0.05655,0.04628,0.30747,0.31681,0.02036,0.13482,0.15916,0.04212,0.0295,0.02829,0.1601,0.22301,0.01629,0.02065,1e-05,0.00101,0.00089,0.0,0.00049,0.00035,0.0008,0.26351,0.3325,0.00097,0.00194,4e-05,2e-05,0.00148,0.00523,0.11656,0.00052,0.00274,0.0002,0.63873,0.3337,0.00058,0.00077,0.00596,0.0143,0.0897,0.15142,0.0,0.0
8000,sad,0.7,8,0.0,0.02321,0.03009,0.10665,0.35368,0.20939,1e-05,0.0,0.0,0.03109,0.02491,0.37227,0.3714,0.01486,0.17219,0.18213,0.02896,0.02316,0.02077,0.09238,0.11946,0.04409,0.06617,2e-05,0.00085,0.00073,1e-05,0.00033,0.00036,0.00083,0.10049,0.12099,0.00124,0.00155,8e-05,4e-05,0.00227,0.00702,0.12588,0.00079,0.00229,0.00018,0.37037,0.2404,0.00079,0.00103,0.00679,0.01023,0.03238,0.05489,0.0,0.0
8500,surprised,0.6,7,0.0,0.0022,0.00245,0.25015,0.55141,0.40789,1e-05,0.0,0.0,0.00924,0.00399,0.48706,0.46967,0.01037,0.22469,0.22061,0.01996,0.0155,0.01073,0.03302,0.02082,0.08542,0.11131,3e-05,0.00075,0.00071,1e-05,0.00033,0.00073,0.00076,0.00804,0.00911,0.00199,0.00109,0.00015,9e-05,0.00449,0.00709,0.14283,0.00145,0.00136,0.00024,0.03139,0.0454,0.00114,0.00129,0.00535,0.00732,0.00795,0.00964,0.0,0.0
9000,contempt,0.85,8,0.0,0.01469,0.00919,0.18077,0.44294,0.2897,1e-05,0.0,0.0,0.01118,0.00647,0.35555,0.34954,0.00714,0.27732,0.27189,0.01721,0.03175,0.03008,0.04173,0.05432,0.07861,0.09236,5e-05,0.0004,0.00043,1e-05,0.00015,0.00055,0.00053,0.01454,0.01937,0.00261,0.00107,0.00022,0.00014,0.00321,0.00548,0.21631,0.00123,0.0011,0.00014,0.03456,0.06075,0.00081,0.00089,0.00713,0.01371,0.01037,0.01178,1e-05,0.0
9500,contempt,0.85,7,0.0,0.00767,0.00698,0.10712,0.41955,0.30313,1e-05,0.0,0.0,0.00845,0.0047,0.37572,0.36818,0.01063,0.20942,0.21871,0.02258,0.02272,0.01592,0.04018,0.02396,0.08679,0.08617,3e-05,0.00064,0.00059,1e-05,0.00024,0.00078,0.00058,0.0062,0.00767,0.00204,0.00115,0.00014,9e-05,0.00529,0.00637,0.18298,0.00138,0.00163,0.0002,0.04009,0.05516,0.00079,0.00075,0.00463,0.00645,0.00541,0.00584,0.0,0.0
10000,contempt,0.85,8,0.0,0.00763,0.00827,0.09641,0.43216,0.28635,1e-05,0.0,0.0,0.01,0.0055,0.42993,0.4261,0.0196,0.12783,0.14995,0.03584,0.01785,0.01359,0.03709,0.02907,0.07848,0.08698,3e-05,0.00055,0.00042,1e-05,0.00016,0.00071,0.00039,0.00883,0.01183,0.00245,0.00138,0.00012,0.0001,0.00405,0.00448,0.25722,0.0011,0.00127,0.00013,0.04039,0.06608,0.0008,0.00075,0.00455,0.01022,0.00702,0.00684,1e-05,0.0
10500,contempt,0.85,7,0.0,0.00372,0.00378,0.17665,0.50904,0.34577,1e-05,0.0,0.0,0.01025,0.00616,0.46555,0.45801,0.01093,0.20922,0.21149,0.02177,0.01552,0.01132,0.03641,0.02526,0.07644,0.08092,3e-05,0.00059,0.00038,1e-05,0.00015,0.00094,0.0004,0.00628,0.00874,0.00252,0.00139,0.00011,0.0001,0.00458,0.00393,0.25429,0.00131,0.00109,0.00014,0.04192,0.06381,0.00094,0.00081,0.0037,0.00991,0.00942,0.00836,1e-05,0.0
11000,contempt,0.85,8,0.0,0.00462,0.00477,0.16412,0.49048,0.32216,1e-05,0.0,0.0,0.0115,0.00787,0.46126,0.4566,0.00796,0.25828,0.25408,0.0174,0.01613,0.01123,0.0386,0.03315,0.06972,0.06803,4e-05,0.00053,0.00037,1e-05,0.00015,0.0008,0.00046,0.00663,0.00867,0.00246,0.00124,0.00012,0.0001,0.00451,0.00487,0.21184,0.0013,0.00094,0.00013,0.03441,0.05786,0.0012,0.00118,0.00461,0.01036,0.00924,0.00956,1e-05,0.0
11500,contempt,0.85,7,0.0,0.00459,0.00636,0.12949,0.50113,0.27693,0.0,0.0,0.0,0.01111,0.00804,0.45916,0.4524,0.0089,0.24205,0.23922,0.018,0.01634,0.01209,0.03616,0.03814,0.07243,0.06778,3e-05,0.00052,0.00037,1e-05,0.00014,0.0008,0.00042,0.00671,0.00906,0.00254,0.00126,0.00013,0.0001,0.00424,0.00453,0.22853,0.00127,0.001,0.00014,0.03534,0.06353,0.00094,0.0009,0.00401,0.01007,0.00853,0.00865,1e-05,0.0
12000,surprised,0.7,8,0.0,0.0091,0.01313,0.11104,0.45744,0.20086,1e-05,0.0,0.0,0.01687,0.00856,0.3425,0.34338,0.00857,0.24555,0.24222,0.01723,0.03302,0.03068,0.05183,0.06423,0.05362,0.07007,4e-05,0.00047,0.00037,1e-05,0.00012,0.00065,0.00045,0.01465,0.01775,0.00254,0.00152,0.00022,0.00016,0.00368,0.00525,0.21193,0.00082,0.00094,0.00012,0.03153,0.07229,0.00105,0.001,0.00796,0.00883,0.00834,0.00952,1e-05,0.0
12500,surprised,0.7,7,0.0,0.00493,0.00679,0.13297,0.50404,0.27277,0.0,0.0,0.0,0.01349,0.00806,0.44422,0.44184,0.00848,0.24692,0.24562,0.01752,0.01645,0.01299,0.03786,0.04164,0.06043,0.06879,3e-05,0.00055,0.00038,1e-05,0.00015,0.00064,0.00047,0.00784,0.01024,0.00256,0.00124,0.00013,9e-05,0.00354,0.00508,0.2381,0.00128,0.00103,0.00013,0.03835,0.06573,0.00087,0.00092,0.00429,0.0102,0.00857,0.00933,1e-05,0.0
13000,surprised,0.7,8,0.0,0.00478,0.00712,0.13362,0.50387,0.25778,0.0,0.0,0.0,0.0114,0.00797,0.43826,0.43532,0.00859,0.25072,0.24913,0.01634,0.01685,0.01326,0.03398,0.03864,0.07037,0.07027,3e-05,0.00045,0.00035,1e-05,0.00012,0.00063,0.00043,0.00781,0.01043,0.00277,0.00114,0.00013,9e-05,0.00328,0.00459,0.28551,0.0015,0.00104,0.00012,0.03872,0.0665,0.00066,0.00069,0.00376,0.01029,0.00666,0.0073,1e-05,0.0
13500,surprised,0.7,7,0.0,0.00715,0.00977,0.10854,0.45891,0.22618,0.0,0.0,0.0,0.01174,0.00987,0.43957,0.43971,0.0067,0.27333,0.27196,0.01636,0.01671,0.01251,0.03509,0.0421,0.07159,0.05655,3e-05,0.00042,0.00032,1e-05,0.00012,0.00075,0.00046,0.00638,0.00866,0.00272,0.0012,0.00012,9e-05,0.00362,0.00466,0.28989,0.00145,0.00104,0.00012,0.04079,0.0664,0.00074,0.00076,0.00333,0.00984,0.00686,0.00742,1e-05,0.0
14000,happy,0.9,8,0.0,0.02445,0.04435,0.05372,0.27136,0.11336,1e-05,0.0,0.0,0.05532,0.05187,0.3219,0.32252,0.01129,0.21932,0.22194,0.02461,0.03229,0.02714,0.2352,0.21876,0.02884,0.02618,4e-05,0.00024,0.00035,1e-05,0.00018,0.00281,0.00453,0.00191,0.00261,0.00186,0.00159,8e-05,7e-05,0.01787,0.01679,0.12928,0.00185,0.00089,0.0009,0.07959,0.04778,0.46873,0.46366,0.00948,0.01798,0.03054,0.04451,0.0,0.0
14500,happy,0.95,7,0.0,0.05653,0.09599,0.01851,0.10021,0.04398,3e-05,0.0,0.0,0.09936,0.1099,0.21924,0.2413,0.01824,0.14494,0.16944,0.04117,0.04503,0.03084,0.48845,0.29046,0.00932,0.00422,3e-05,0.00011,0.00044,1e-05,0.00022,0.00645,0.00891,0.00017,0.00019,0.00066,0.00184,3e-05,3e-05,0.03129,0.02927,0.02396,0.0018,0.00123,0.00152,0.19394,0.03715,0.84083,0.84618,0.00565,0.01075,0.05448,0.0821,0.0,0.0
15000,happy,0.9,8,0.0,0.04476,0.06085,0.03463,0.13601,0.04888,2e-05,0.0,0.0,0.11174,0.09891,0.21917,0.23398,0.03342,0.08244,0.11698,0.06946,0.05703,0.04505,0.45275,0.33818,0.01016,0.00595,6e-05,0.00011,0.00039,1e-05,0.00014,0.00384,0.00437,0.00033,0.00035,0.00083,0.00159,0.00011,0.00015,0.026,0.02458,0.02234,0.00148,0.00109,0.00142,0.08435,0.02324,0.80252,0.81253,0.00668,0.01753,0.02511,0.03679,0.0,0.0
15500,happy,0.9,7,0.0,0.046,0.06497,0.03145,0.12351,0.06511,2e-05,0.0,0.0,0.11886,0.12154,0.24872,0.26808,0.02747,0.08643,0.12466,0.06298,0.0365,0.02634,0.40568,0.25148,0.00794,0.0037,3e-05,0.00013,0.00042,1e-05,0.00017,0.00419,0.00465,0.00024,0.00027,0.00061,0.00215,3e-05,3e-05,0.03075,0.03045,0.0199,0.00104,0.00136,0.00188,0.12112,0.02748,0.80217,0.81298,0.00599,0.01344,0.02632,0.04152,0.0,0.0
16000,happy,0.9,8,0.0,0.04782,0.06747,0.02955,0.1157,0.0622,2e-05,0.0,0.0,0.11407,0.1291,0.26368,0.28458,0.02961,0.07579,0.11808,0.06996,0.03488,0.02388,0.41887,0.25691,0.00848,0.00341,2e-05,0.00014,0.00043,1e-05,0.00017,0.00417,0.00527,0.00027,0.00029,0.00053,0.0017,3e-05,2e-05,0.02842,0.02793,0.021,0.00128,0.00149,0.00171,0.13815,0.02681,0.77883,0.79148,0.00478,0.00925,0.01895,0.03175,0.0,0.0
16500,happy,0.9,7,0.0,0.04089,0.05683,0.04389,0.12335,0.06778,2e-05,0.0,0.0,0.1154,0.12862,0.29122,0.30995,0.02651,0.08793,0.13041,0.0613,0.03224,0.02102,0.41975,0.24354,0.00876,0.00349,3e-05,0.00012,0.00041,1e-05,0.00017,0.00413,0.00561,0.00019,0.0002,0.00069,0.00173,4e-05,3e-05,0.02763,0.02878,0.0275,0.00141,0.00125,0.00149,0.09909,0.02306,0.77239,0.79762,0.00412,0.00897,0.01896,0.03233,0.0,0.0
17000,happy,0.9,8,0.0,0.03995,0.05082,0.04404,0.12932,0.07444,2e-05,0.0,0.0,0.11324,0.11854,0.285,0.30284,0.02754,0.08328,0.12618,0.06359,0.03181,0.02173,0.40209,0.24542,0.0087,0.00389,3e-05,0.00012,0.0004,1e-05,0.00016,0.00413,0.00474,0.00021,0.00023,0.00069,0.00173,4e-05,3e-05,0.02718,0.02721,0.02723,0.00133,0.00127,0.0015,0.08943,0.0227,0.76452,0.78787,0.004,0.00991,0.01829,0.03,0.0,0.0
17500,happy,0.9,7,0.0,0.03891,0.05239,0.03389,0.13794,0.07512,2e-05,0.0,0.0,0.10468,0.10972,0.27113,0.28675,0.02814,0.08194,0.12258,0.06362,0.03318,0.02371,0.38083,0.254,0.00927,0.00429,3e-05,0.00013,0.00038,1e-05,0.00015,0.00382,0.00398,0.00024,0.00027,0.00071,0.00154,4e-05,3e-05,0.02484,0.02445,0.02899,0.0014,0.00122,0.00136,0.08482,0.02377,0.7592,0.7808,0.00418,0.01146,0.01846,0.02958,0.0,0.0
18000,happy,0.9,8,0.0,0.02947,0.04058,0.04596,0.18443,0.07086,2e-05,0.0,0.0,0.10063,0.09031,0.26652,0.27586,0.03044,0.08413,0.11986,0.0626,0.03921,0.02803,0.41365,0.25057,0.01107,0.00533,6e-05,0.0001,0.00037,1e-05,0.00011,0.00342,0.0041,0.0004,0.00043,0.00072,0.00082,0.00013,0.00016,0.02483,0.02573,0.02472,0.0028,0.00126,0.00117,0.07049,0.02016,0.6847,0.72085,0.00519,0.02339,0.00874,0.01467,0.0,0.0
18500,happy,0.9,7,0.0,0.04074,0.05708,0.02993,0.13081,0.07345,2e-05,0.0,0.0,0.10365,0.1174,0.2879,0.30241,0.02729,0.08875,0.13026,0.0613,0.03257,0.02191,0.39704,0.24705,0.00981,0.00398,2e-05,0.00014,0.00047,1e-05,0.00021,0.00501,0.00427,0.0002,0.00023,0.00068,0.00185,3e-05,2e-05,0.02986,0.02534,0.02891,0.00133,0.0014,0.00163,0.11627,0.02534,0.7592,0.77146,0.00321,0.00911,0.0172,0.028,0.0,0.0
19000,happy,0.9,8,0.0,0.04202,0.05814,0.02452,0.12836,0.0758,2e-05,0.0,0.0,0.11026,0.12725,0.26964,0.28846,0.06011,0.04132,0.0733,0.11098,0.03424,0.02347,0.40688,0.26077,0.00924,0.00354,2e-05,0.00013,0.00047,1e-05,0.00019,0.00449,0.00458,0.00022,0.00025,0.00064,0.00146,3e-05,3e-05,0.03078,0.02861,0.0266,0.00152,0.00158,0.00167,0.09887,0.02192,0.74402,0.76607,0.00336,0.00906,0.01294,0.02208,0.0,0.0
19500,happy,0.9,7,0.0,0.04044,0.05672,0.01996,0.13985,0.08017,2e-05,0.0,0.0,0.11239,0.13118,0.27242,0.289,0.06926,0.03563,0.06764,0.12626,0.03324,0.02312,0.39172,0.27269,0.00918,0.00338,2e-05,0.00015,0.00048,1e-05,0.00019,0.00406,0.00466,0.00024,0.00027,0.00061,0.00127,3e-05,2e-05,0.0303,0.03018,0.02541,0.00174,0.00167,0.0017,0.1055,0.02154,0.72977,0.75992,0.0032,0.00854,0.01017,0.01803,0.0,0.0
20000,happy,0.9,8,0.0,0.04003,0.04763,0.03431,0.13767,0.07753,2e-05,0.0,0.0,0.11432,0.11998,0.30148,0.30984,0.02858,0.08334,0.12123,0.0605,0.02919,0.02028,0.37332,0.24146,0.00868,0.00374,2e-05,0.00015,0.00044,1e-05,0.00017,0.00394,0.00444,0.0002,0.00022,0.00066,0.00141,3e-05,2e-05,0.02789,0.02609,0.02839,0.00157,0.00147,0.00159,0.09046,0.02062,0.73309,0.75292,0.00313,0.00705,0.00935,0.0159,0.0,0.0
20500,happy,0.9,7,0.0,0.03825,0.0453,0.0355,0.14569,0.07754,2e-05,0.0,0.0,0.11175,0.11254,0.31286,0.3154,0.02483,0.09462,0.13345,0.05397,0.02736,0.02005,0.36993,0.25631,0.0087,0.00419,3e-05,0.00013,0.00042,1e-05,0.00016,0.0036,0.00407,0.00024,0.00026,0.00068,0.00144,4e-05,3e-05,0.02767,0.02775,0.02775,0.00139,0.00155,0.00147,0.07571,0.01912,0.73182,0.7598,0.00372,0.00888,0.00907,0.01544,0.0,0.0
21000,happy,0.9,8,0.0,0.029,0.0455,0.03566,0.22187,0.07614,2e-05,0.0,0.0,0.09641,0.12211,0.23808,0.25914,0.02688,0.08091,0.12781,0.06174,0.0456,0.03181,0.41567,0.27613,0.01164,0.00424,6e-05,0.00012,0.00041,1e-05,0.00013,0.00295,0.00452,0.00024,0.00024,0.00078,0.00064,0.00016,0.00017,0.02237,0.02592,0.02578,0.00299,0.00117,0.00127,0.03792,0.01297,0.61078,0.67365,0.00423,0.01572,0.00465,0.00925,0.0,0.0
21500,sad,0.7,7,0.0,0.03716,0.03332,0.0293,0.1714,0.12849,1e-05,0.0,0.0,0.04674,0.05953,0.26958,0.28676,0.0218,0.1043,0.13933,0.04329,0.03333,0.0219,0.2564,0.14705,0.02374,0.01162,3e-05,0.00036,0.00043,1e-05,0.00016,0.00216,0.00153,0.03491,0.04465,0.00068,0.0007,5e-05,3e-05,0.02242,0.0195,0.03646,0.00126,0.00165,0.00028,0.12657,0.07349,0.08873,0.08543,0.01399,0.02493,0.00553,0.00839,0.0,0.0
22000,sad,0.6,8,0.0,0.0174,0.01249,0.05868,0.24871,0.18713,1e-05,0.0,0.0,0.16918,0.18694,0.45253,0.44743,0.04007,0.09864,0.12279,0.05538,0.02072,0.01332,0.30102,0.19887,0.01727,0.00913,2e-05,0.00051,0.0009,1e-05,0.00049,0.00152,0.00142,0.00511,0.00628,0.00085,0.00115,6e-05,4e-05,0.01396,0.01844,0.04878,0.00092,0.00289,0.00036,0.11244,0.0528,0.00216,0.0023,0.00473,0.00772,0.00289,0.00372,0.0,0.0
22500,sad,0.6,7,0.0,0.04578,0.05703,0.01815,0.17755,0.11146,1e-05,0.0,0.0,0.12182,0.1465,0.42443,0.41199,0.03556,0.05422,0.11832,0.08278,0.02042,0.01216,0.30797,0.25275,0.00923,0.00306,2e-05,0.00042,0.00043,1e-05,0.00016,0.00106,0.00144,0.0055,0.00631,0.00076,0.00079,5e-05,3e-05,0.01154,0.01985,0.04308,0.00128,0.00155,0.00021,0.13627,0.07344,0.00229,0.00256,0.00524,0.00673,0.00315,0.00539,0.0,0.0
23000,angry,0.8,8,0.0,0.36589,0.40632,0.00032,0.01996,0.00926,1e-05,0.0,0.0,0.12088,0.13134,0.21199,0.22096,0.02078,0.11266,0.1477,0.04135,0.04349,0.03831,0.45732,0.47401,0.00601,0.00205,2e-05,0.00049,0.0017,2e-05,0.00091,0.00157,0.00171,0.00198,0.00244,0.00115,0.00101,5e-05,4e-05,0.01539,0.0203,0.06221,0.00108,0.00448,0.00081,0.09021,0.03638,0.00117,0.00106,0.00311,0.00411,0.0006,0.00096,0.0,0.0
23500,disgusted,0.7,7,0.0,0.31338,0.33865,0.00037,0.02634,0.01269,1e-05,0.0,0.0,0.0868,0.10203,0.18773,0.20573,0.03384,0.07749,0.1027,0.05514,0.0431,0.03684,0.39563,0.39922,0.00882,0.00275,1e-05,0.00061,0.00127,1e-05,0.00066,0.00149,0.00106,0.00209,0.00242,0.00129,0.00246,3e-05,2e-05,0.01659,0.01686,0.08305,0.00047,0.00352,0.00053,0.16027,0.06685,0.0012,0.00088,0.00418,0.00317,0.00092,0.00133,0.0,0.0
24000,sad,0.8,7,0.0,0.25308,0.28041,0.00043,0.0511,0.01934,1e-05,0.0,0.0,0.07736,0.09115,0.12318,0.1395,0.02814,0.07676,0.11721,0.05924,0.07807,0.06742,0.44247,0.41474,0.01066,0.0033,2e-05,0.0004,0.0011,2e-05,0.00047,0.0017,0.00117,0.00209,0.00273,0.00148,0.00104,6e-05,5e-05,0.0158,0.0161,0.08841,0.00115,0.0032,0.0005,0.0873,0.04477,0.00105,0.00086,0.00291,0.00472,0.00043,0.00062,0.0,0.0
24500,sad,0.8,8,0.0,0.23533,0.25077,0.00048,0.04315,0.0196,1e-05,0.0,0.0,0.07723,0.08517,0.13035,0.14605,0.03112,0.08046,0.10424,0.05,0.05863,0.05103,0.446,0.40128,0.00936,0.00293,1e-05,0.00049,0.00189,2e-05,0.001,0.00115,0.00153,0.00247,0.00299,0.00106,0.00116,4e-05,3e-05,0.01522,0.02504,0.07001,0.00089,0.00658,0.00083,0.1327,0.03802,0.00058,0.00056,0.00266,0.00418,0.00023,0.00038,0.0,0.0
25000,sad,0.8,8,0.0,0.25271,0.27139,0.0005,0.0374,0.01693,1e-05,0.0,0.0,0.07969,0.08977,0.13818,0.15103,0.0396,0.07009,0.08775,0.05399,0.05563,0.05049,0.44484,0.42823,0.00896,0.00273,2e-05,0.00055,0.00179,2e-05,0.00089,0.00099,0.00129,0.00298,0.00356,0.00124,0.00107,5e-05,3e-05,0.01304,0.02095,0.086,0.00088,0.00611,0.00075,0.10359,0.03767,0.00053,0.00049,0.00299,0.00423,0.00024,0.00039,0.0,0.0
25500,sad,0.8,7,0.0,0.31481,0.34024,0.0004,0.02679,0.01378,1e-05,0.0,0.0,0.10521,0.10621,0.12562,0.14666,0.02457,0.09105,0.12411,0.04656,0.05974,0.05325,0.45379,0.41656,0.00672,0.00217,2e-05,0.00062,0.00187,2e-05,0.0009,0.00099,0.00136,0.00204,0.00234,0.00162,0.00179,4e-05,3e-05,0.00955,0.01643,0.1476,0.00067,0.00639,0.00077,0.11403,0.04424,0.00037,0.00033,0.00214,0.00268,0.00023,0.00042,0.0,0.0
26000,sad,0.8,8,0.0,0.35529,0.38648,0.00031,0.02258,0.01218,1e-05,0.0,0.0,0.11562,0.11404,0.14509,0.16958,0.02277,0.09605,0.13344,0.04593,0.05187,0.04543,0.4671,0.42668,0.00618,0.00199,1e-05,0.00063,0.00202,2e-05,0.00099,0.00096,0.00139,0.00168,0.00191,0.00165,0.00199,4e-05,3e-05,0.00885,0.01545,0.15793,0.00065,0.0061,0.00088,0.11496,0.04705,0.00034,0.0003,0.00191,0.0024,0.00024,0.00045,0.0,0.0
26500,sad,0.8,7,0.0,0.41904,0.44711,0.00019,0.01572,0.01031,1e-05,0.0,0.0,0.1299,0.12301,0.15162,0.17439,0.02756,0.08281,0.11936,0.05229,0.05133,0.04544,0.51049,0.45472,0.00526,0.00175,2e-05,0.00068,0.0024,3e-05,0.00122,0.00099,0.00137,0.00162,0.00191,0.00155,0.00185,4e-05,3e-05,0.00871,0.01547,0.14806,0.00064,0.00674,0.00108,0.10047,0.03968,0.00031,0.00028,0.00173,0.00255,0.00021,0.00038,0.0,0.0
27000,angry,0.82,8,0.0,0.36347,0.40634,0.00026,0.03777,0.01661,1e-05,0.0,0.0,0.14188,0.1424,0.15695,0.17283,0.02921,0.07926,0.11666,0.0561,0.06781,0.06202,0.54012,0.47621,0.00553,0.00164,2e-05,0.00061,0.0019,3e-05,0.00083,0.00105,0.00099,0.00315,0.00368,0.00162,0.00164,8e-05,7e-05,0.0109,0.01372,0.14665,0.00058,0.0056,0.00076,0.08762,0.03783,0.00045,0.00037,0.0028,0.00365,0.00025,0.00042,0.0,0.0
27500,angry,0.83,7,0.0,0.46408,0.49675,0.00013,0.01267,0.00854,1e-05,0.0,0.0,0.16662,0.15956,0.17087,0.19108,0.03247,0.07791,0.10964,0.05567,0.04814,0.04295,0.56824,0.4564,0.00406,0.00116,2e-05,0.00065,0.0026,3e-05,0.00134,0.00109,0.00116,0.00212,0.00275,0.00145,0.00185,5e-05,4e-05,0.00928,0.01543,0.12604,0.0005,0.00677,0.00104,0.08828,0.03528,0.00037,0.00035,0.00178,0.00411,0.00022,0.00039,0.0,0.0
28000,angry,0.83,8,0.0,0.45749,0.49189,0.00013,0.01332,0.00818,1e-05,0.0,0.0,0.16371,0.16999,0.17291,0.19297,0.03029,0.08297,0.11558,0.05348,0.04839,0.04255,0.56251,0.47321,0.004,0.00109,2e-05,0.00054,0.00237,3e-05,0.00125,0.00107,0.00129,0.00243,0.00291,0.00143,0.00155,5e-05,4e-05,0.01035,0.01613,0.10924,0.00058,0.00575,0.00091,0.08411,0.03628,0.00051,0.00046,0.00239,0.00397,0.00025,0.00045,0.0,0.0
28500,angry,0.84,7,0.0,0.45644,0.49466,0.00015,0.01287,0.0087,1e-05,0.0,0.0,0.17226,0.16691,0.18124,0.19804,0.09408,0.03604,0.06046,0.12554,0.04641,0.04189,0.56975,0.50268,0.00377,0.00111,2e-05,0.00064,0.00251,3e-05,0.00128,0.0009,0.00157,0.00222,0.00261,0.00142,0.00168,5e-05,4e-05,0.00843,0.01863,0.12782,0.00057,0.00687,0.00093,0.0922,0.03633,0.00039,0.00039,0.00187,0.00375,0.00023,0.00044,0.0,0.0
29000,angry,0.83,8,0.0,0.39878,0.43872,0.00021,0.01582,0.01037,1e-05,0.0,0.0,0.16857,0.1644,0.16071,0.17534,0.15995,0.01745,0.03325,0.16983,0.05197,0.04743,0.57012,0.49634,0.00394,0.00108,2e-05,0.00057,0.00227,3e-05,0.00109,0.00087,0.00156,0.00189,0.00224,0.00137,0.00159,6e-05,4e-05,0.00828,0.0201,0.12216,0.00061,0.00614,0.00094,0.0837,0.03381,0.00037,0.0004,0.00168,0.0037,0.00022,0.00042,0.0,0.0
29500,angry,0.82,7,0.0,0.3963,0.42779,0.00023,0.0157,0.00902,1e-05,0.0,0.0,0.17187,0.18011,0.14103,0.15637,0.03744,0.09947,0.11769,0.0519,0.06117,0.05557,0.57073,0.48179,0.00386,0.00094,2e-05,0.00047,0.00194,3e-05,0.00096,0.00093,0.00118,0.00329,0.00407,0.00136,0.00119,6e-05,4e-05,0.00933,0.01595,0.09368,0.00063,0.00442,0.00079,0.06842,0.03342,0.00061,0.0006,0.00285,0.0057,0.00028,0.00051,0.0,0.0
